<?xml version="1.0" encoding="utf-8"?><feed xmlns="http://www.w3.org/2005/Atom" ><generator uri="https://jekyllrb.com/" version="4.3.4">Jekyll</generator><link href="http://localhost:4000/feed.xml" rel="self" type="application/atom+xml" /><link href="http://localhost:4000/" rel="alternate" type="text/html" /><updated>2025-05-05T18:23:33-05:00</updated><id>http://localhost:4000/feed.xml</id><title type="html">Matthew L. Davis | Biostatistics Research</title><subtitle>Personal website featuring research in biostatistics, R package development, and statistical methods for microbiome data analysis.</subtitle><entry><title type="html">Welcome to My Statistics Website</title><link href="http://localhost:4000/introduction/2025/05/05/welcome-to-my-site.html" rel="alternate" type="text/html" title="Welcome to My Statistics Website" /><published>2025-05-05T00:00:00-05:00</published><updated>2025-05-05T00:00:00-05:00</updated><id>http://localhost:4000/introduction/2025/05/05/welcome-to-my-site</id><content type="html" xml:base="http://localhost:4000/introduction/2025/05/05/welcome-to-my-site.html"><![CDATA[<p>Welcome to my new website featuring my research in biostatistics, 
focusing on microbiome data analysis and smoothing splines.</p>]]></content><author><name></name></author><category term="Introduction" /><summary type="html"><![CDATA[Welcome to my new website featuring my research in biostatistics, focusing on microbiome data analysis and smoothing splines.]]></summary></entry></feed>